time,LaserIAVG,LaserIPeak,LaserPDAVG,LaserPDModulation,temp,TECV,TECI
10.01052713394165,0.0,0.0,0.0249057412147522,0.030509948730468753,40.433502197265625,-4.506683349609375,-4.362335205078125
10.031066417694092,0.0,0.0,0.0249057412147522,0.030509948730468753,40.433502197265625,-4.506683349609375,-4.362335205078125
10.048800468444824,0.0,0.0,0.0249057412147522,0.030509948730468753,40.433502197265625,-4.506683349609375,-4.362335205078125
10.070124864578247,0.0,0.0,0.0249057412147522,0.030509948730468753,40.433502197265625,-4.506683349609375,-4.362335205078125
10.09281063079834,0.0,0.0,0.0249057412147522,0.030509948730468753,40.433502197265625,-4.506683349609375,-4.362335205078125
10.1169114112854,0.0,0.0,0.0249057412147522,0.030509948730468753,40.433502197265625,-4.506683349609375,-4.362335205078125
10.139932870864868,0.0,0.0,0.0249057412147522,0.030509948730468753,40.433502197265625,-4.506683349609375,-4.362335205078125
10.163463830947876,0.0,0.0,0.0249057412147522,0.030509948730468753,40.433502197265625,-4.506683349609375,-4.362335205078125
10.18225884437561,0.0,0.0,0.0249057412147522,0.030509948730468753,40.433502197265625,-4.506683349609375,-4.362335205078125
10.203690767288208,0.0,0.0,0.0249057412147522,0.030509948730468753,40.433502197265625,-4.506683349609375,-4.362335205078125
10.227310419082642,0.0,0.0,0.0249057412147522,0.030509948730468753,40.433502197265625,-4.506683349609375,-4.362335205078125
10.248272895812988,0.0,0.0,0.0249057412147522,0.030509948730468753,40.433502197265625,-4.506683349609375,-4.362335205078125
10.269272327423096,0.0,0.0,0.0249057412147522,0.030509948730468753,40.433502197265625,-4.506683349609375,-4.362335205078125
10.290060043334961,0.0,0.0,0.0249057412147522,0.030509948730468753,40.433502197265625,-4.506683349609375,-4.362335205078125
10.312705039978027,0.0,0.0,0.0249057412147522,0.030509948730468753,40.433502197265625,-4.506683349609375,-4.362335205078125
10.33376932144165,0.0,0.0,0.0249057412147522,0.030509948730468753,40.433502197265625,-4.506683349609375,-4.362335205078125
10.356653451919556,0.0,0.0,0.0249057412147522,0.030509948730468753,40.433502197265625,-4.506683349609375,-4.362335205078125
10.377583742141724,0.0,0.0,0.0249057412147522,0.030509948730468753,40.433502197265625,-4.506683349609375,-4.362335205078125
10.398203372955322,0.0,0.0,0.0249057412147522,0.030509948730468753,40.433502197265625,-4.506683349609375,-4.362335205078125
10.41689682006836,0.0,0.0,0.0249057412147522,0.030509948730468753,40.433502197265625,-4.506683349609375,-4.362335205078125
10.433809280395508,0.0,0.0,0.0249057412147522,0.030509948730468753,40.433502197265625,-4.506683349609375,-4.362335205078125
10.451208591461182,0.0,0.0,0.0249057412147522,0.030509948730468753,40.433502197265625,-4.506683349609375,-4.362335205078125
10.470668315887451,0.0,0.0,0.0249057412147522,0.030509948730468753,40.433502197265625,-4.506683349609375,-4.362335205078125
10.494641304016113,0.0,0.0,0.0249057412147522,0.030509948730468753,40.433502197265625,-4.506683349609375,-4.362335205078125
10.515053272247314,0.0,0.0,0.0249057412147522,0.030509948730468753,40.433502197265625,-4.506683349609375,-4.362335205078125
10.537223100662231,0.0,0.0,0.0249057412147522,0.030509948730468753,40.433502197265625,-4.506683349609375,-4.362335205078125
10.558568477630615,0.0,0.0,0.0249057412147522,0.030509948730468753,40.433502197265625,-4.506683349609375,-4.362335205078125
10.579442024230957,0.0,0.0,0.0249057412147522,0.030509948730468753,40.433502197265625,-4.506683349609375,-4.362335205078125
10.598504781723022,0.0,0.0,0.0249057412147522,0.030509948730468753,40.433502197265625,-4.506683349609375,-4.362335205078125
10.619875431060791,0.0,0.0,0.0249057412147522,0.030509948730468753,40.433502197265625,-4.506683349609375,-4.362335205078125
10.637553453445435,0.0,0.0,0.0249057412147522,0.030509948730468753,40.433502197265625,-4.506683349609375,-4.362335205078125
10.661216020584106,0.0,0.0,0.0249057412147522,0.030509948730468753,40.433502197265625,-4.506683349609375,-4.362335205078125
10.682819366455078,0.0,0.0,0.0249057412147522,0.030509948730468753,40.433502197265625,-4.506683349609375,-4.362335205078125
10.706182956695557,0.0,0.0,0.0249057412147522,0.030509948730468753,40.433502197265625,-4.506683349609375,-4.362335205078125
10.72912049293518,0.0,0.0,0.0249057412147522,0.030509948730468753,40.433502197265625,-4.506683349609375,-4.362335205078125
10.753509759902954,0.0,0.0,0.0249057412147522,0.030509948730468753,40.433502197265625,-4.506683349609375,-4.362335205078125
10.77608609199524,0.0,0.0,0.0249057412147522,0.030509948730468753,40.433502197265625,-4.506683349609375,-4.362335205078125
10.797069072723389,0.0,0.0,0.0249057412147522,0.030509948730468753,40.433502197265625,-4.506683349609375,-4.362335205078125
10.819024085998535,0.0,0.0,0.0249057412147522,0.030509948730468753,40.433502197265625,-4.506683349609375,-4.362335205078125
10.839656352996826,0.0,0.0,0.0249057412147522,0.030509948730468753,40.433502197265625,-4.506683349609375,-4.362335205078125
10.860471248626709,0.0,0.0,0.0249057412147522,0.030509948730468753,40.433502197265625,-4.506683349609375,-4.362335205078125
10.881083011627197,0.0,0.0,0.0249057412147522,0.030509948730468753,40.433502197265625,-4.506683349609375,-4.362335205078125
10.899825811386108,0.0,0.0,0.0249057412147522,0.030509948730468753,40.433502197265625,-4.506683349609375,-4.362335205078125
10.9164879322052,0.0,0.0,0.0249057412147522,0.030509948730468753,40.433502197265625,-4.506683349609375,-4.362335205078125
10.938043355941772,0.0,0.0,0.0249057412147522,0.030509948730468753,40.433502197265625,-4.506683349609375,-4.362335205078125
10.961628913879395,0.0,0.0,0.0249057412147522,0.030509948730468753,40.433502197265625,-4.506683349609375,-4.362335205078125
10.981233835220337,0.0,0.0,0.0249057412147522,0.030509948730468753,40.433502197265625,-4.506683349609375,-4.362335205078125
20.008851766586304,0.0,0.0,0.0249057412147522,0.030509948730468753,40.433502197265625,-4.506683349609375,-4.362335205078125
20.02746033668518,0.0,0.0,0.0249057412147522,0.030509948730468753,40.433502197265625,-4.506683349609375,-4.362335205078125
20.04707932472229,0.0,0.0,0.0249057412147522,0.030509948730468753,40.433502197265625,-4.506683349609375,-4.362335205078125
20.066580295562744,0.0,0.0,0.0249057412147522,0.030509948730468753,40.433502197265625,-4.506683349609375,-4.362335205078125
20.086278438568115,0.0,0.0,0.0249057412147522,0.030509948730468753,40.433502197265625,-4.506683349609375,-4.362335205078125
20.105998039245605,0.0,0.0,0.0249057412147522,0.030509948730468753,40.433502197265625,-4.506683349609375,-4.362335205078125
20.127631902694702,0.0,0.0,0.0249057412147522,0.030509948730468753,40.433502197265625,-4.506683349609375,-4.362335205078125
20.146944522857666,0.0,0.0,0.0249057412147522,0.030509948730468753,40.433502197265625,-4.506683349609375,-4.362335205078125
20.16551446914673,0.0,0.0,0.0249057412147522,0.030509948730468753,40.433502197265625,-4.506683349609375,-4.362335205078125
20.18531346321106,0.0,0.0,0.0249057412147522,0.030509948730468753,40.433502197265625,-4.506683349609375,-4.362335205078125
20.209099531173706,0.0,0.0,0.0249057412147522,0.030509948730468753,40.433502197265625,-4.506683349609375,-4.362335205078125
20.233314752578735,0.0,0.0,0.0249057412147522,0.030509948730468753,40.433502197265625,-4.506683349609375,-4.362335205078125
20.262731552124023,0.0,0.0,0.0249057412147522,0.030509948730468753,40.433502197265625,-4.506683349609375,-4.362335205078125
20.29367733001709,0.0,0.0,0.0249057412147522,0.030509948730468753,40.433502197265625,-4.506683349609375,-4.362335205078125
20.321783304214478,0.0,0.0,0.0249057412147522,0.030509948730468753,40.433502197265625,-4.506683349609375,-4.362335205078125
20.34908652305603,0.0,0.0,0.0249057412147522,0.030509948730468753,40.433502197265625,-4.506683349609375,-4.362335205078125
20.37302851676941,0.0,0.0,0.0249057412147522,0.030509948730468753,40.433502197265625,-4.506683349609375,-4.362335205078125
20.394480228424072,0.0,0.0,0.0249057412147522,0.030509948730468753,40.433502197265625,-4.506683349609375,-4.362335205078125
20.415835857391357,0.0,0.0,0.0249057412147522,0.030509948730468753,40.433502197265625,-4.506683349609375,-4.362335205078125
20.44052219390869,0.0,0.0,0.0249057412147522,0.030509948730468753,40.433502197265625,-4.506683349609375,-4.362335205078125
20.463024854660034,0.0,0.0,0.0249057412147522,0.030509948730468753,40.433502197265625,-4.506683349609375,-4.362335205078125
20.48660397529602,0.0,0.0,0.0249057412147522,0.030509948730468753,40.433502197265625,-4.506683349609375,-4.362335205078125
20.508551836013794,0.0,0.0,0.0249057412147522,0.030509948730468753,40.433502197265625,-4.506683349609375,-4.362335205078125
20.531039476394653,0.0,0.0,0.0249057412147522,0.030509948730468753,40.433502197265625,-4.506683349609375,-4.362335205078125
20.553428411483765,0.0,0.0,0.0249057412147522,0.030509948730468753,40.433502197265625,-4.506683349609375,-4.362335205078125
20.57316565513611,0.0,0.0,0.0249057412147522,0.030509948730468753,40.433502197265625,-4.506683349609375,-4.362335205078125
20.598727464675903,0.0,0.0,0.0249057412147522,0.030509948730468753,40.433502197265625,-4.506683349609375,-4.362335205078125
20.624104499816895,0.0,0.0,0.0249057412147522,0.030509948730468753,40.433502197265625,-4.506683349609375,-4.362335205078125
20.647537231445312,0.0,0.0,0.0249057412147522,0.030509948730468753,40.433502197265625,-4.506683349609375,-4.362335205078125
20.666181325912476,0.0,0.0,0.0249057412147522,0.030509948730468753,40.433502197265625,-4.506683349609375,-4.362335205078125
20.68889331817627,0.0,0.0,0.0249057412147522,0.030509948730468753,40.433502197265625,-4.506683349609375,-4.362335205078125
20.710598707199097,0.0,0.0,0.0249057412147522,0.030509948730468753,40.433502197265625,-4.506683349609375,-4.362335205078125
20.729997396469116,0.0,0.0,0.0249057412147522,0.030509948730468753,40.433502197265625,-4.506683349609375,-4.362335205078125
20.75295114517212,0.0,0.0,0.0249057412147522,0.030509948730468753,40.433502197265625,-4.506683349609375,-4.362335205078125
20.778565406799316,0.0,0.0,0.0249057412147522,0.030509948730468753,40.433502197265625,-4.506683349609375,-4.362335205078125
20.80260705947876,0.0,0.0,0.0249057412147522,0.030509948730468753,40.433502197265625,-4.506683349609375,-4.362335205078125
20.828710317611694,0.0,0.0,0.0249057412147522,0.030509948730468753,40.433502197265625,-4.506683349609375,-4.362335205078125
20.854050874710083,0.0,0.0,0.0249057412147522,0.030509948730468753,40.433502197265625,-4.506683349609375,-4.362335205078125
20.874547004699707,0.0,0.0,0.0249057412147522,0.030509948730468753,40.433502197265625,-4.506683349609375,-4.362335205078125
20.89503526687622,0.0,0.0,0.0249057412147522,0.030509948730468753,40.433502197265625,-4.506683349609375,-4.362335205078125
20.91196036338806,0.0,0.0,0.0249057412147522,0.030509948730468753,40.433502197265625,-4.506683349609375,-4.362335205078125
20.92846703529358,0.0,0.0,0.0249057412147522,0.030509948730468753,40.433502197265625,-4.506683349609375,-4.362335205078125
20.953957319259644,0.0,0.0,0.0249057412147522,0.030509948730468753,40.433502197265625,-4.506683349609375,-4.362335205078125
20.976505994796753,0.0,0.0,0.0249057412147522,0.030509948730468753,40.433502197265625,-4.506683349609375,-4.362335205078125
20.99563217163086,0.0,0.0,0.0249057412147522,0.030509948730468753,40.433502197265625,-4.506683349609375,-4.362335205078125
30.001265048980713,0.0,0.0,0.0249057412147522,0.030509948730468753,40.433502197265625,-4.506683349609375,-4.362335205078125
30.01983666419983,0.0,0.0,0.0249057412147522,0.030509948730468753,40.433502197265625,-4.506683349609375,-4.362335205078125
30.041438817977905,0.0,0.0,0.0249057412147522,0.030509948730468753,40.433502197265625,-4.506683349609375,-4.362335205078125
30.060965299606323,0.0,0.0,0.0249057412147522,0.030509948730468753,40.433502197265625,-4.506683349609375,-4.362335205078125
30.07953429222107,0.0,0.0,0.0249057412147522,0.030509948730468753,40.433502197265625,-4.506683349609375,-4.362335205078125
30.10026526451111,0.0,0.0,0.0249057412147522,0.030509948730468753,40.433502197265625,-4.506683349609375,-4.362335205078125
30.118938446044922,0.0,0.0,0.0249057412147522,0.030509948730468753,40.433502197265625,-4.506683349609375,-4.362335205078125
30.13755488395691,0.0,0.0,0.0249057412147522,0.030509948730468753,40.433502197265625,-4.506683349609375,-4.362335205078125
30.155332803726196,0.0,0.0,0.0249057412147522,0.030509948730468753,40.433502197265625,-4.506683349609375,-4.362335205078125
30.172605991363525,0.0,0.0,0.0249057412147522,0.030509948730468753,40.433502197265625,-4.506683349609375,-4.362335205078125
30.189518928527832,0.0,0.0,0.0249057412147522,0.030509948730468753,40.433502197265625,-4.506683349609375,-4.362335205078125
30.206403493881226,0.0,0.0,0.0249057412147522,0.030509948730468753,40.433502197265625,-4.506683349609375,-4.362335205078125
30.22450828552246,0.0,0.0,0.0249057412147522,0.030509948730468753,40.433502197265625,-4.506683349609375,-4.362335205078125
30.24754524230957,0.0,0.0,0.0249057412147522,0.030509948730468753,40.433502197265625,-4.506683349609375,-4.362335205078125
30.269108772277832,0.0,0.0,0.0249057412147522,0.030509948730468753,40.433502197265625,-4.506683349609375,-4.362335205078125
30.289612770080566,0.0,0.0,0.0249057412147522,0.030509948730468753,40.433502197265625,-4.506683349609375,-4.362335205078125
30.309123992919922,0.0,0.0,0.0249057412147522,0.030509948730468753,40.433502197265625,-4.506683349609375,-4.362335205078125
30.329803943634033,0.0,0.0,0.0249057412147522,0.030509948730468753,40.433502197265625,-4.506683349609375,-4.362335205078125
30.349435567855835,0.0,0.0,0.0249057412147522,0.030509948730468753,40.433502197265625,-4.506683349609375,-4.362335205078125
30.369293212890625,0.0,0.0,0.0249057412147522,0.030509948730468753,40.433502197265625,-4.506683349609375,-4.362335205078125
30.386871099472046,0.0,0.0,0.0249057412147522,0.030509948730468753,40.433502197265625,-4.506683349609375,-4.362335205078125
30.40354824066162,0.0,0.0,0.0249057412147522,0.030509948730468753,40.433502197265625,-4.506683349609375,-4.362335205078125
30.422698497772217,0.0,0.0,0.0249057412147522,0.030509948730468753,40.433502197265625,-4.506683349609375,-4.362335205078125
30.4438157081604,0.0,0.0,0.0249057412147522,0.030509948730468753,40.433502197265625,-4.506683349609375,-4.362335205078125
30.467331171035767,0.0,0.0,0.0249057412147522,0.030509948730468753,40.433502197265625,-4.506683349609375,-4.362335205078125
30.48791003227234,0.0,0.0,0.0249057412147522,0.030509948730468753,40.433502197265625,-4.506683349609375,-4.362335205078125
30.50851321220398,0.0,0.0,0.0249057412147522,0.030509948730468753,40.433502197265625,-4.506683349609375,-4.362335205078125
30.52999496459961,0.0,0.0,0.0249057412147522,0.030509948730468753,40.433502197265625,-4.506683349609375,-4.362335205078125
30.550970315933228,0.0,0.0,0.0249057412147522,0.030509948730468753,40.433502197265625,-4.506683349609375,-4.362335205078125
30.57148265838623,0.0,0.0,0.0249057412147522,0.030509948730468753,40.433502197265625,-4.506683349609375,-4.362335205078125
30.589134693145752,0.0,0.0,0.0249057412147522,0.030509948730468753,40.433502197265625,-4.506683349609375,-4.362335205078125
30.605515241622925,0.0,0.0,0.0249057412147522,0.030509948730468753,40.433502197265625,-4.506683349609375,-4.362335205078125
30.622496843338013,0.0,0.0,0.0249057412147522,0.030509948730468753,40.433502197265625,-4.506683349609375,-4.362335205078125
30.643782138824463,0.0,0.0,0.0249057412147522,0.030509948730468753,40.433502197265625,-4.506683349609375,-4.362335205078125
30.665470361709595,0.0,0.0,0.0249057412147522,0.030509948730468753,40.433502197265625,-4.506683349609375,-4.362335205078125
30.686380624771118,0.0,0.0,0.0249057412147522,0.030509948730468753,40.433502197265625,-4.506683349609375,-4.362335205078125
30.705814838409424,0.0,0.0,0.0249057412147522,0.030509948730468753,40.433502197265625,-4.506683349609375,-4.362335205078125
30.72747778892517,0.0,0.0,0.0249057412147522,0.030509948730468753,40.433502197265625,-4.506683349609375,-4.362335205078125
30.749913692474365,0.0,0.0,0.0249057412147522,0.030509948730468753,40.433502197265625,-4.506683349609375,-4.362335205078125
30.769911766052246,0.0,0.0,0.0249057412147522,0.030509948730468753,40.433502197265625,-4.506683349609375,-4.362335205078125
30.787464141845703,0.0,0.0,0.0249057412147522,0.030509948730468753,40.433502197265625,-4.506683349609375,-4.362335205078125
30.804481029510498,0.0,0.0,0.0249057412147522,0.030509948730468753,40.433502197265625,-4.506683349609375,-4.362335205078125
30.82440423965454,0.0,0.0,0.0249057412147522,0.030509948730468753,40.433502197265625,-4.506683349609375,-4.362335205078125
30.84404945373535,0.0,0.0,0.0249057412147522,0.030509948730468753,40.433502197265625,-4.506683349609375,-4.362335205078125
30.865792512893677,0.0,0.0,0.0249057412147522,0.030509948730468753,40.433502197265625,-4.506683349609375,-4.362335205078125
30.886455059051514,0.0,0.0,0.0249057412147522,0.030509948730468753,40.433502197265625,-4.506683349609375,-4.362335205078125
30.904255628585815,0.0,0.0,0.0249057412147522,0.030509948730468753,40.433502197265625,-4.506683349609375,-4.362335205078125
30.92286443710327,0.0,0.0,0.0249057412147522,0.030509948730468753,40.433502197265625,-4.506683349609375,-4.362335205078125
30.942051887512207,0.0,0.0,0.0249057412147522,0.030509948730468753,40.433502197265625,-4.506683349609375,-4.362335205078125
30.964812517166138,0.0,0.0,0.0249057412147522,0.030509948730468753,40.433502197265625,-4.506683349609375,-4.362335205078125
30.984793424606323,0.0,0.0,0.0249057412147522,0.030509948730468753,40.433502197265625,-4.506683349609375,-4.362335205078125
40.01010322570801,0.0,0.0,0.0249057412147522,0.030509948730468753,40.433502197265625,-4.506683349609375,-4.362335205078125
40.033210039138794,0.0,0.0,0.0249057412147522,0.030509948730468753,40.433502197265625,-4.506683349609375,-4.362335205078125
40.05520844459534,0.0,0.0,0.0249057412147522,0.030509948730468753,40.433502197265625,-4.506683349609375,-4.362335205078125
40.076151609420776,0.0,0.0,0.0249057412147522,0.030509948730468753,40.433502197265625,-4.506683349609375,-4.362335205078125
40.09654092788696,0.0,0.0,0.0249057412147522,0.030509948730468753,40.433502197265625,-4.506683349609375,-4.362335205078125
40.11716818809509,0.0,0.0,0.0249057412147522,0.030509948730468753,40.433502197265625,-4.506683349609375,-4.362335205078125
40.133469343185425,0.0,0.0,0.0249057412147522,0.030509948730468753,40.433502197265625,-4.506683349609375,-4.362335205078125
40.15426707267761,0.0,0.0,0.0249057412147522,0.030509948730468753,40.433502197265625,-4.506683349609375,-4.362335205078125
40.17820334434509,0.0,0.0,0.0249057412147522,0.030509948730468753,40.433502197265625,-4.506683349609375,-4.362335205078125
40.19974398612976,0.0,0.0,0.0249057412147522,0.030509948730468753,40.433502197265625,-4.506683349609375,-4.362335205078125
40.22306680679321,0.0,0.0,0.0249057412147522,0.030509948730468753,40.433502197265625,-4.506683349609375,-4.362335205078125
40.24600529670715,0.0,0.0,0.0249057412147522,0.030509948730468753,40.433502197265625,-4.506683349609375,-4.362335205078125
40.2683219909668,0.0,0.0,0.0249057412147522,0.030509948730468753,40.433502197265625,-4.506683349609375,-4.362335205078125
40.29062485694885,0.0,0.0,0.0249057412147522,0.030509948730468753,40.433502197265625,-4.506683349609375,-4.362335205078125
40.31338810920715,0.0,0.0,0.0249057412147522,0.030509948730468753,40.433502197265625,-4.506683349609375,-4.362335205078125
40.335415840148926,0.0,0.0,0.0249057412147522,0.030509948730468753,40.433502197265625,-4.506683349609375,-4.362335205078125
40.35940504074097,0.0,0.0,0.0249057412147522,0.030509948730468753,40.433502197265625,-4.506683349609375,-4.362335205078125
40.382091999053955,0.0,0.0,0.0249057412147522,0.030509948730468753,40.433502197265625,-4.506683349609375,-4.362335205078125
40.40158224105835,0.0,0.0,0.0249057412147522,0.030509948730468753,40.433502197265625,-4.506683349609375,-4.362335205078125
40.42445921897888,0.0,0.0,0.0249057412147522,0.030509948730468753,40.433502197265625,-4.506683349609375,-4.362335205078125
40.44499731063843,0.0,0.0,0.0249057412147522,0.030509948730468753,40.433502197265625,-4.506683349609375,-4.362335205078125
40.46759581565857,0.0,0.0,0.0249057412147522,0.030509948730468753,40.433502197265625,-4.506683349609375,-4.362335205078125
40.48899054527283,0.0,0.0,0.0249057412147522,0.030509948730468753,40.433502197265625,-4.506683349609375,-4.362335205078125
40.512640714645386,0.0,0.0,0.0249057412147522,0.030509948730468753,40.433502197265625,-4.506683349609375,-4.362335205078125
40.53450870513916,0.0,0.0,0.0249057412147522,0.030509948730468753,40.433502197265625,-4.506683349609375,-4.362335205078125
40.55874991416931,0.0,0.0,0.0249057412147522,0.030509948730468753,40.433502197265625,-4.506683349609375,-4.362335205078125
40.58148550987244,0.0,0.0,0.0249057412147522,0.030509948730468753,40.433502197265625,-4.506683349609375,-4.362335205078125
40.60192608833313,0.0,0.0,0.0249057412147522,0.030509948730468753,40.433502197265625,-4.506683349609375,-4.362335205078125
40.62383031845093,0.0,0.0,0.0249057412147522,0.030509948730468753,40.433502197265625,-4.506683349609375,-4.362335205078125
40.646164894104004,0.0,0.0,0.0249057412147522,0.030509948730468753,40.433502197265625,-4.506683349609375,-4.362335205078125
40.668580532073975,0.0,0.0,0.0249057412147522,0.030509948730468753,40.433502197265625,-4.506683349609375,-4.362335205078125
40.69155144691467,0.0,0.0,0.0249057412147522,0.030509948730468753,40.433502197265625,-4.506683349609375,-4.362335205078125
40.71483612060547,0.0,0.0,0.0249057412147522,0.030509948730468753,40.433502197265625,-4.506683349609375,-4.362335205078125
40.73527240753174,0.0,0.0,0.0249057412147522,0.030509948730468753,40.433502197265625,-4.506683349609375,-4.362335205078125
40.75621724128723,0.0,0.0,0.0249057412147522,0.030509948730468753,40.433502197265625,-4.506683349609375,-4.362335205078125
40.77864646911621,0.0,0.0,0.0249057412147522,0.030509948730468753,40.433502197265625,-4.506683349609375,-4.362335205078125
40.79941916465759,0.0,0.0,0.0249057412147522,0.030509948730468753,40.433502197265625,-4.506683349609375,-4.362335205078125
40.815513610839844,0.0,0.0,0.0249057412147522,0.030509948730468753,40.433502197265625,-4.506683349609375,-4.362335205078125
40.83246874809265,0.0,0.0,0.0249057412147522,0.030509948730468753,40.433502197265625,-4.506683349609375,-4.362335205078125
40.84945487976074,0.0,0.0,0.0249057412147522,0.030509948730468753,40.433502197265625,-4.506683349609375,-4.362335205078125
40.86708045005798,0.0,0.0,0.0249057412147522,0.030509948730468753,40.433502197265625,-4.506683349609375,-4.362335205078125
40.886444330215454,0.0,0.0,0.0249057412147522,0.030509948730468753,40.433502197265625,-4.506683349609375,-4.362335205078125
40.908167600631714,0.0,0.0,0.0249057412147522,0.030509948730468753,40.433502197265625,-4.506683349609375,-4.362335205078125
40.9291832447052,0.0,0.0,0.0249057412147522,0.030509948730468753,40.433502197265625,-4.506683349609375,-4.362335205078125
40.952223777770996,0.0,0.0,0.0249057412147522,0.030509948730468753,40.433502197265625,-4.506683349609375,-4.362335205078125
40.97686576843262,0.0,0.0,0.0249057412147522,0.030509948730468753,40.433502197265625,-4.506683349609375,-4.362335205078125
40.99767827987671,0.0,0.0,0.0249057412147522,0.030509948730468753,40.433502197265625,-4.506683349609375,-4.362335205078125
50.007529973983765,0.0,0.0,0.0249057412147522,0.030509948730468753,40.433502197265625,-4.506683349609375,-4.362335205078125
50.024505853652954,0.0,0.0,0.0249057412147522,0.030509948730468753,40.433502197265625,-4.506683349609375,-4.362335205078125
50.04292058944702,0.0,0.0,0.0249057412147522,0.030509948730468753,40.433502197265625,-4.506683349609375,-4.362335205078125
50.05946469306946,0.0,0.0,0.0249057412147522,0.030509948730468753,40.433502197265625,-4.506683349609375,-4.362335205078125
50.07828879356384,0.0,0.0,0.0249057412147522,0.030509948730468753,40.433502197265625,-4.506683349609375,-4.362335205078125
50.09745264053345,0.0,0.0,0.0249057412147522,0.030509948730468753,40.433502197265625,-4.506683349609375,-4.362335205078125
50.119290590286255,0.0,0.0,0.0249057412147522,0.030509948730468753,40.433502197265625,-4.506683349609375,-4.362335205078125
50.13898992538452,0.0,0.0,0.0249057412147522,0.030509948730468753,40.433502197265625,-4.506683349609375,-4.362335205078125
50.15923714637756,0.0,0.0,0.0249057412147522,0.030509948730468753,40.433502197265625,-4.506683349609375,-4.362335205078125
50.17742896080017,0.0,0.0,0.0249057412147522,0.030509948730468753,40.433502197265625,-4.506683349609375,-4.362335205078125
50.19792985916138,0.0,0.0,0.0249057412147522,0.030509948730468753,40.433502197265625,-4.506683349609375,-4.362335205078125
50.219361543655396,0.0,0.0,0.0249057412147522,0.030509948730468753,40.433502197265625,-4.506683349609375,-4.362335205078125
50.24211502075195,0.0,0.0,0.0249057412147522,0.030509948730468753,40.433502197265625,-4.506683349609375,-4.362335205078125
50.26344060897827,0.0,0.0,0.0249057412147522,0.030509948730468753,40.433502197265625,-4.506683349609375,-4.362335205078125
50.28227472305298,0.0,0.0,0.0249057412147522,0.030509948730468753,40.433502197265625,-4.506683349609375,-4.362335205078125
50.302955865859985,0.0,0.0,0.0249057412147522,0.030509948730468753,40.433502197265625,-4.506683349609375,-4.362335205078125
50.3246374130249,0.0,0.0,0.0249057412147522,0.030509948730468753,40.433502197265625,-4.506683349609375,-4.362335205078125
50.34319043159485,0.0,0.0,0.0249057412147522,0.030509948730468753,40.433502197265625,-4.506683349609375,-4.362335205078125
50.35947394371033,0.0,0.0,0.0249057412147522,0.030509948730468753,40.433502197265625,-4.506683349609375,-4.362335205078125
50.37843608856201,0.0,0.0,0.0249057412147522,0.030509948730468753,40.433502197265625,-4.506683349609375,-4.362335205078125
50.397913694381714,0.0,0.0,0.0249057412147522,0.030509948730468753,40.433502197265625,-4.506683349609375,-4.362335205078125
50.418463706970215,0.0,0.0,0.0249057412147522,0.030509948730468753,40.433502197265625,-4.506683349609375,-4.362335205078125
50.43943667411804,0.0,0.0,0.0249057412147522,0.030509948730468753,40.433502197265625,-4.506683349609375,-4.362335205078125
50.46098613739014,0.0,0.0,0.0249057412147522,0.030509948730468753,40.433502197265625,-4.506683349609375,-4.362335205078125
50.480469942092896,0.0,0.0,0.0249057412147522,0.030509948730468753,40.433502197265625,-4.506683349609375,-4.362335205078125
50.50241565704346,0.0,0.0,0.0249057412147522,0.030509948730468753,40.433502197265625,-4.506683349609375,-4.362335205078125
50.524702310562134,0.0,0.0,0.0249057412147522,0.030509948730468753,40.433502197265625,-4.506683349609375,-4.362335205078125
50.54263734817505,0.0,0.0,0.0249057412147522,0.030509948730468753,40.433502197265625,-4.506683349609375,-4.362335205078125
50.560065031051636,0.0,0.0,0.0249057412147522,0.030509948730468753,40.433502197265625,-4.506683349609375,-4.362335205078125
50.58046102523804,0.0,0.0,0.0249057412147522,0.030509948730468753,40.433502197265625,-4.506683349609375,-4.362335205078125
50.60439085960388,0.0,0.0,0.0249057412147522,0.030509948730468753,40.433502197265625,-4.506683349609375,-4.362335205078125
50.627379417419434,0.0,0.0,0.0249057412147522,0.030509948730468753,40.433502197265625,-4.506683349609375,-4.362335205078125
50.644479513168335,0.0,0.0,0.0249057412147522,0.030509948730468753,40.433502197265625,-4.506683349609375,-4.362335205078125
50.66485571861267,0.0,0.0,0.0249057412147522,0.030509948730468753,40.433502197265625,-4.506683349609375,-4.362335205078125
50.6855742931366,0.0,0.0,0.0249057412147522,0.030509948730468753,40.433502197265625,-4.506683349609375,-4.362335205078125
50.706517934799194,0.0,0.0,0.0249057412147522,0.030509948730468753,40.433502197265625,-4.506683349609375,-4.362335205078125
50.72704005241394,0.0,0.0,0.0249057412147522,0.030509948730468753,40.433502197265625,-4.506683349609375,-4.362335205078125
50.74424147605896,0.0,0.0,0.0249057412147522,0.030509948730468753,40.433502197265625,-4.506683349609375,-4.362335205078125
50.7630033493042,0.0,0.0,0.0249057412147522,0.030509948730468753,40.433502197265625,-4.506683349609375,-4.362335205078125
50.780972719192505,0.0,0.0,0.0249057412147522,0.030509948730468753,40.433502197265625,-4.506683349609375,-4.362335205078125
50.80046534538269,0.0,0.0,0.0249057412147522,0.030509948730468753,40.433502197265625,-4.506683349609375,-4.362335205078125
50.822306632995605,0.0,0.0,0.0249057412147522,0.030509948730468753,40.433502197265625,-4.506683349609375,-4.362335205078125
50.84089255332947,0.0,0.0,0.0249057412147522,0.030509948730468753,40.433502197265625,-4.506683349609375,-4.362335205078125
50.85860514640808,0.0,0.0,0.0249057412147522,0.030509948730468753,40.433502197265625,-4.506683349609375,-4.362335205078125
50.87815046310425,0.0,0.0,0.0249057412147522,0.030509948730468753,40.433502197265625,-4.506683349609375,-4.362335205078125
50.89885640144348,0.0,0.0,0.0249057412147522,0.030509948730468753,40.433502197265625,-4.506683349609375,-4.362335205078125
50.92235088348389,0.0,0.0,0.0249057412147522,0.030509948730468753,40.433502197265625,-4.506683349609375,-4.362335205078125
50.943849086761475,0.0,0.0,0.0249057412147522,0.030509948730468753,40.433502197265625,-4.506683349609375,-4.362335205078125
50.96327590942383,0.0,0.0,0.0249057412147522,0.030509948730468753,40.433502197265625,-4.506683349609375,-4.362335205078125
50.9848837852478,0.0,0.0,0.0249057412147522,0.030509948730468753,40.433502197265625,-4.506683349609375,-4.362335205078125
60.01078748703003,0.0,0.0,0.0249057412147522,0.030509948730468753,40.433502197265625,-4.506683349609375,-4.362335205078125
60.03221535682678,0.0,0.0,0.0249057412147522,0.030509948730468753,40.433502197265625,-4.506683349609375,-4.362335205078125
60.051849126815796,0.0,0.0,0.0249057412147522,0.030509948730468753,40.433502197265625,-4.506683349609375,-4.362335205078125
60.06955909729004,0.0,0.0,0.0249057412147522,0.030509948730468753,40.433502197265625,-4.506683349609375,-4.362335205078125
60.08985781669617,0.0,0.0,0.0249057412147522,0.030509948730468753,40.433502197265625,-4.506683349609375,-4.362335205078125
60.1137957572937,0.0,0.0,0.0249057412147522,0.030509948730468753,40.433502197265625,-4.506683349609375,-4.362335205078125
60.13533282279968,0.0,0.0,0.0249057412147522,0.030509948730468753,40.433502197265625,-4.506683349609375,-4.362335205078125
60.15400958061218,0.0,0.0,0.0249057412147522,0.030509948730468753,40.433502197265625,-4.506683349609375,-4.362335205078125
60.18129110336304,0.0,0.0,0.0249057412147522,0.030509948730468753,40.433502197265625,-4.506683349609375,-4.362335205078125
60.20422625541687,0.0,0.0,0.0249057412147522,0.030509948730468753,40.433502197265625,-4.506683349609375,-4.362335205078125
60.229689598083496,0.0,0.0,0.0249057412147522,0.030509948730468753,40.433502197265625,-4.506683349609375,-4.362335205078125
60.25308346748352,0.0,0.0,0.0249057412147522,0.030509948730468753,40.433502197265625,-4.506683349609375,-4.362335205078125
60.275699615478516,0.0,0.0,0.0249057412147522,0.030509948730468753,40.433502197265625,-4.506683349609375,-4.362335205078125
60.30004930496216,0.0,0.0,0.0249057412147522,0.030509948730468753,40.433502197265625,-4.506683349609375,-4.362335205078125
60.3255250453949,0.0,0.0,0.0249057412147522,0.030509948730468753,40.433502197265625,-4.506683349609375,-4.362335205078125
60.34846305847168,0.0,0.0,0.0249057412147522,0.030509948730468753,40.433502197265625,-4.506683349609375,-4.362335205078125
60.368569135665894,0.0,0.0,0.0249057412147522,0.030509948730468753,40.433502197265625,-4.506683349609375,-4.362335205078125
60.390190839767456,0.0,0.0,0.0249057412147522,0.030509948730468753,40.433502197265625,-4.506683349609375,-4.362335205078125
60.41013836860657,0.0,0.0,0.0249057412147522,0.030509948730468753,40.433502197265625,-4.506683349609375,-4.362335205078125
60.43082666397095,0.0,0.0,0.0249057412147522,0.030509948730468753,40.433502197265625,-4.506683349609375,-4.362335205078125
60.45041227340698,0.0,0.0,0.0249057412147522,0.030509948730468753,40.433502197265625,-4.506683349609375,-4.362335205078125
60.46992087364197,0.0,0.0,0.0249057412147522,0.030509948730468753,40.433502197265625,-4.506683349609375,-4.362335205078125
60.488994121551514,0.0,0.0,0.0249057412147522,0.030509948730468753,40.433502197265625,-4.506683349609375,-4.362335205078125
60.51105046272278,0.0,0.0,0.0249057412147522,0.030509948730468753,40.433502197265625,-4.506683349609375,-4.362335205078125
60.531700134277344,0.0,0.0,0.0249057412147522,0.030509948730468753,40.433502197265625,-4.506683349609375,-4.362335205078125
60.55257797241211,0.0,0.0,0.0249057412147522,0.030509948730468753,40.433502197265625,-4.506683349609375,-4.362335205078125
60.573843240737915,0.0,0.0,0.0249057412147522,0.030509948730468753,40.433502197265625,-4.506683349609375,-4.362335205078125
60.59150433540344,0.0,0.0,0.0249057412147522,0.030509948730468753,40.433502197265625,-4.506683349609375,-4.362335205078125
60.61141657829285,0.0,0.0,0.0249057412147522,0.030509948730468753,40.433502197265625,-4.506683349609375,-4.362335205078125
60.63292574882507,0.0,0.0,0.0249057412147522,0.030509948730468753,40.433502197265625,-4.506683349609375,-4.362335205078125
60.651601791381836,0.0,0.0,0.0249057412147522,0.030509948730468753,40.433502197265625,-4.506683349609375,-4.362335205078125
60.67402386665344,0.0,0.0,0.0249057412147522,0.030509948730468753,40.433502197265625,-4.506683349609375,-4.362335205078125
60.69861602783203,0.0,0.0,0.0249057412147522,0.030509948730468753,40.433502197265625,-4.506683349609375,-4.362335205078125
60.72155427932739,0.0,0.0,0.0249057412147522,0.030509948730468753,40.433502197265625,-4.506683349609375,-4.362335205078125
60.745004415512085,0.0,0.0,0.0249057412147522,0.030509948730468753,40.433502197265625,-4.506683349609375,-4.362335205078125
60.769317865371704,0.0,0.0,0.0249057412147522,0.030509948730468753,40.433502197265625,-4.506683349609375,-4.362335205078125
60.79076027870178,0.0,0.0,0.0249057412147522,0.030509948730468753,40.433502197265625,-4.506683349609375,-4.362335205078125
60.813724517822266,0.0,0.0,0.0249057412147522,0.030509948730468753,40.433502197265625,-4.506683349609375,-4.362335205078125
60.841007709503174,0.0,0.0,0.0249057412147522,0.030509948730468753,40.433502197265625,-4.506683349609375,-4.362335205078125
60.8624107837677,0.0,0.0,0.0249057412147522,0.030509948730468753,40.433502197265625,-4.506683349609375,-4.362335205078125
60.885350704193115,0.0,0.0,0.0249057412147522,0.030509948730468753,40.433502197265625,-4.506683349609375,-4.362335205078125
60.91170334815979,0.0,0.0,0.0249057412147522,0.030509948730468753,40.433502197265625,-4.506683349609375,-4.362335205078125
60.93519353866577,0.0,0.0,0.0249057412147522,0.030509948730468753,40.433502197265625,-4.506683349609375,-4.362335205078125
60.95878863334656,0.0,0.0,0.0249057412147522,0.030509948730468753,40.433502197265625,-4.506683349609375,-4.362335205078125
60.981152296066284,0.0,0.0,0.0249057412147522,0.030509948730468753,40.433502197265625,-4.506683349609375,-4.362335205078125
70.00195837020874,0.0,0.0,0.0249057412147522,0.030509948730468753,40.433502197265625,-4.506683349609375,-4.362335205078125
70.02651762962341,0.0,0.0,0.0249057412147522,0.030509948730468753,40.433502197265625,-4.506683349609375,-4.362335205078125
70.04714369773865,0.0,0.0,0.0249057412147522,0.030509948730468753,40.433502197265625,-4.506683349609375,-4.362335205078125
70.06446886062622,0.0,0.0,0.0249057412147522,0.030509948730468753,40.433502197265625,-4.506683349609375,-4.362335205078125
70.08442211151123,0.0,0.0,0.0249057412147522,0.030509948730468753,40.433502197265625,-4.506683349609375,-4.362335205078125
70.1028904914856,0.0,0.0,0.0249057412147522,0.030509948730468753,40.433502197265625,-4.506683349609375,-4.362335205078125
70.12384414672852,0.0,0.0,0.0249057412147522,0.030509948730468753,40.433502197265625,-4.506683349609375,-4.362335205078125
70.14436626434326,0.0,0.0,0.0249057412147522,0.030509948730468753,40.433502197265625,-4.506683349609375,-4.362335205078125
70.16401600837708,0.0,0.0,0.0249057412147522,0.030509948730468753,40.433502197265625,-4.506683349609375,-4.362335205078125
70.1825213432312,0.0,0.0,0.0249057412147522,0.030509948730468753,40.433502197265625,-4.506683349609375,-4.362335205078125
70.20124769210815,0.0,0.0,0.0249057412147522,0.030509948730468753,40.433502197265625,-4.506683349609375,-4.362335205078125
70.22274780273438,0.0,0.0,0.0249057412147522,0.030509948730468753,40.433502197265625,-4.506683349609375,-4.362335205078125
70.24348640441895,0.0,0.0,0.0249057412147522,0.030509948730468753,40.433502197265625,-4.506683349609375,-4.362335205078125
70.26308679580688,0.0,0.0,0.0249057412147522,0.030509948730468753,40.433502197265625,-4.506683349609375,-4.362335205078125
70.28285241127014,0.0,0.0,0.0249057412147522,0.030509948730468753,40.433502197265625,-4.506683349609375,-4.362335205078125
70.30241107940674,0.0,0.0,0.0249057412147522,0.030509948730468753,40.433502197265625,-4.506683349609375,-4.362335205078125
70.32389283180237,0.0,0.0,0.0249057412147522,0.030509948730468753,40.433502197265625,-4.506683349609375,-4.362335205078125
70.34454274177551,0.0,0.0,0.0249057412147522,0.030509948730468753,40.433502197265625,-4.506683349609375,-4.362335205078125
70.36325359344482,0.0,0.0,0.0249057412147522,0.030509948730468753,40.433502197265625,-4.506683349609375,-4.362335205078125
70.38045954704285,0.0,0.0,0.0249057412147522,0.030509948730468753,40.433502197265625,-4.506683349609375,-4.362335205078125
70.40354418754578,0.0,0.0,0.0249057412147522,0.030509948730468753,40.433502197265625,-4.506683349609375,-4.362335205078125
70.42390871047974,0.0,0.0,0.0249057412147522,0.030509948730468753,40.433502197265625,-4.506683349609375,-4.362335205078125
70.4456958770752,0.0,0.0,0.0249057412147522,0.030509948730468753,40.433502197265625,-4.506683349609375,-4.362335205078125
70.4668550491333,0.0,0.0,0.0249057412147522,0.030509948730468753,40.433502197265625,-4.506683349609375,-4.362335205078125
70.48804211616516,0.0,0.0,0.0249057412147522,0.030509948730468753,40.433502197265625,-4.506683349609375,-4.362335205078125
70.51032090187073,0.0,0.0,0.0249057412147522,0.030509948730468753,40.433502197265625,-4.506683349609375,-4.362335205078125
70.53227281570435,0.0,0.0,0.0249057412147522,0.030509948730468753,40.433502197265625,-4.506683349609375,-4.362335205078125
70.54969787597656,0.0,0.0,0.0249057412147522,0.030509948730468753,40.433502197265625,-4.506683349609375,-4.362335205078125
70.5665123462677,0.0,0.0,0.0249057412147522,0.030509948730468753,40.433502197265625,-4.506683349609375,-4.362335205078125
70.58609414100647,0.0,0.0,0.0249057412147522,0.030509948730468753,40.433502197265625,-4.506683349609375,-4.362335205078125
70.6034767627716,0.0,0.0,0.0249057412147522,0.030509948730468753,40.433502197265625,-4.506683349609375,-4.362335205078125
70.62319588661194,0.0,0.0,0.0249057412147522,0.030509948730468753,40.433502197265625,-4.506683349609375,-4.362335205078125
70.64282250404358,0.0,0.0,0.0249057412147522,0.030509948730468753,40.433502197265625,-4.506683349609375,-4.362335205078125
70.66466093063354,0.0,0.0,0.0249057412147522,0.030509948730468753,40.433502197265625,-4.506683349609375,-4.362335205078125
70.6824631690979,0.0,0.0,0.0249057412147522,0.030509948730468753,40.433502197265625,-4.506683349609375,-4.362335205078125
70.7029139995575,0.0,0.0,0.0249057412147522,0.030509948730468753,40.433502197265625,-4.506683349609375,-4.362335205078125
70.72237300872803,0.0,0.0,0.0249057412147522,0.030509948730468753,40.433502197265625,-4.506683349609375,-4.362335205078125
70.74408173561096,0.0,0.0,0.0249057412147522,0.030509948730468753,40.433502197265625,-4.506683349609375,-4.362335205078125
70.764817237854,0.0,0.0,0.0249057412147522,0.030509948730468753,40.433502197265625,-4.506683349609375,-4.362335205078125
70.7824637889862,0.0,0.0,0.0249057412147522,0.030509948730468753,40.433502197265625,-4.506683349609375,-4.362335205078125
70.80016326904297,0.0,0.0,0.0249057412147522,0.030509948730468753,40.433502197265625,-4.506683349609375,-4.362335205078125
70.82027292251587,0.0,0.0,0.0249057412147522,0.030509948730468753,40.433502197265625,-4.506683349609375,-4.362335205078125
70.84109663963318,0.0,0.0,0.0249057412147522,0.030509948730468753,40.433502197265625,-4.506683349609375,-4.362335205078125
70.8608033657074,0.0,0.0,0.0249057412147522,0.030509948730468753,40.433502197265625,-4.506683349609375,-4.362335205078125
70.87960481643677,0.0,0.0,0.0249057412147522,0.030509948730468753,40.433502197265625,-4.506683349609375,-4.362335205078125
70.90076398849487,0.0,0.0,0.0249057412147522,0.030509948730468753,40.433502197265625,-4.506683349609375,-4.362335205078125
70.92191171646118,0.0,0.0,0.0249057412147522,0.030509948730468753,40.433502197265625,-4.506683349609375,-4.362335205078125
70.94117403030396,0.0,0.0,0.0249057412147522,0.030509948730468753,40.433502197265625,-4.506683349609375,-4.362335205078125
70.96283650398254,0.0,0.0,0.0249057412147522,0.030509948730468753,40.433502197265625,-4.506683349609375,-4.362335205078125
70.9853630065918,0.0,0.0,0.0249057412147522,0.030509948730468753,40.433502197265625,-4.506683349609375,-4.362335205078125
80.01105999946594,0.0,0.0,0.0249057412147522,0.030509948730468753,40.433502197265625,-4.506683349609375,-4.362335205078125
80.03439092636108,0.0,0.0,0.0249057412147522,0.030509948730468753,40.433502197265625,-4.506683349609375,-4.362335205078125
80.05732941627502,0.0,0.0,0.0249057412147522,0.030509948730468753,40.433502197265625,-4.506683349609375,-4.362335205078125
80.07977247238159,0.0,0.0,0.0249057412147522,0.030509948730468753,40.433502197265625,-4.506683349609375,-4.362335205078125
80.11306834220886,0.0,0.0,0.0249057412147522,0.030509948730468753,40.433502197265625,-4.506683349609375,-4.362335205078125
80.97196006774902,0.0,0.0,0.0249057412147522,0.030509948730468753,40.433502197265625,-4.506683349609375,-4.362335205078125
90.01442909240723,0.0,0.0,0.0249057412147522,0.030509948730468753,40.433502197265625,-4.506683349609375,-4.362335205078125
90.0350124835968,0.0,0.0,0.0249057412147522,0.030509948730468753,40.433502197265625,-4.506683349609375,-4.362335205078125
90.05927872657776,0.0,0.0,0.0249057412147522,0.030509948730468753,40.433502197265625,-4.506683349609375,-4.362335205078125
90.07998323440552,0.0,0.0,0.0249057412147522,0.030509948730468753,40.433502197265625,-4.506683349609375,-4.362335205078125
90.10191702842712,0.0,0.0,0.0249057412147522,0.030509948730468753,40.433502197265625,-4.506683349609375,-4.362335205078125
90.96922874450684,0.0,0.0,0.0249057412147522,0.030509948730468753,40.433502197265625,-4.506683349609375,-4.362335205078125
90.98719310760498,0.0,0.0,0.0249057412147522,0.030509948730468753,40.433502197265625,-4.506683349609375,-4.362335205078125
